filename|_MySeparator_|SHA1
/Users/enola/Downloads/2001 A Space Odyssey (1968)/2001.A.Space.Odyssey.1968.720p.BrRip.x264.YIFY.mp4|_MySeparator_|ba708406b94c8b3675b38e5d28aee319ddf84495
/Users/enola/Downloads/The Outer Limits - 6x01 - Judgment Day.avi|_MySeparator_|8886e5dd984b7821bb0c374b4131f341bf6c84ba
/Users/enola/Downloads/Le Secret d'Elise - Tous les épisodes de la série sur MyTF1 !.mp4|_MySeparator_|08b2051c82b2b693d74c194238a9a7e50a2f2ff1
/Users/enola/Downloads/La.Lecon.De.Piano.DVDRip.VF.Xvid.&&@@@@@@#à@#@#@#@#@@à.avi|_MySeparator_|995870088e52002d9d6720295d99234cbf8492cc
/Users/enola/Downloads/image 20171211_/untitled folder/20171210_092648.mp4|_MySeparator_|81ffd574bf22b515d1ccb4f97d7760c941402177
/Users/enola/Downloads/image 20171211_/untitled folder/20171210_085056.mp4|_MySeparator_|f6008997960a099bf989dedaff6e39b83961c69c
/Users/enola/Downloads/image 20171211_/untitled folder/20171210_101624.mp4|_MySeparator_|7eaa47d865a868f9ded6c46dd888ab09cb5e13b7
/Users/enola/Downloads/image 20171211_/untitled folder/20171210_102300.mp4|_MySeparator_|e437f4ee01f2e71c8d43fb1c17a3e503530fda04
/Users/enola/Downloads/image 20171211_/untitled folder/20171210_101807.mp4|_MySeparator_|e1487b726581da4fb9d0db3cd8b26a562fed88b0
/Users/enola/Downloads/image 20171211_/untitled folder/20171210_101718.mp4|_MySeparator_|3b6ee4d74745bb8d68af53a93dda2101f031948e
/Users/enola/Downloads/image 20171211_/untitled folder/20171210_085035.mp4|_MySeparator_|87f4700f928f08bbfb0682adb708547581c7f1a8
/Users/enola/Downloads/image 20171211_/untitled folder/20171210_092826.mp4|_MySeparator_|ddde394d84e85cdf17f6b51c66ad89cc9649fdcf
/Users/enola/Downloads/image 20171211_/untitled folder/20171210_093052.mp4|_MySeparator_|1fbe2a204c015240467f2f5122176fea1d5aa1f6
/Users/enola/Downloads/image 20171211_/untitled folder/20171210_085146.mp4|_MySeparator_|c8e0fef8e80610b16caf3cd949df88b34301bf5a
/Users/enola/Downloads/image 20171211_/untitled folder/20171210_093102.mp4|_MySeparator_|2c209e58dba2c84b92344b955d894e721783dea7
/Users/enola/Downloads/image 20171211_/untitled folder/20171210_101701.mp4|_MySeparator_|ac07f60814d89b4616915bef10d8222595679c7d
/Users/enola/Downloads/image 20171211_/untitled folder/20171210_092814.mp4|_MySeparator_|b1517fb8b1378b630d8700692467a2c3c51986bd
/Users/enola/Downloads/IMG_1422.mp4|_MySeparator_|26b26cf73c0ff1612d6f7b90204d8005072a6fe9
/Users/enola/Downloads/In The Shadow.mp4|_MySeparator_|01d4a0cdef75225bfb4e7ff7522da9a3c8626ba7
/Users/enola/Downloads/prout/The Outer Limits - 6x01 - Judgment Day.avi|_MySeparator_|8886e5dd984b7821bb0c374b4131f341bf6c84ba